﻿pos_x,pos_y,rotation,side,designator,mpn,pack,footprint,value,mount_type
241.525,-102.865,0.0,top,AE2,,,Abracon_PRO-OB-440,Antenna_Shield,smt
57.5,-100.2,0.0,top,BT1,,,BatteryHolder_Keystone_3034_1x20mm,Battery_Cell,smt
169.61,-72.75,0.0,top,C1,,,C_0402_1005Metric,100n,smt
230.46,-38.275,0.0,top,C10,,,C_0402_1005Metric,100n,smt
211.95,-67.2,0.0,top,C11,,,C_0805_2012Metric,10u,smt
216.6575,-70.89,0.0,top,C12,,,C_0805_2012Metric,10u,smt
220.3175,-75.32,0.0,top,C13,,,C_0402_1005Metric,100n,smt
220.3175,-77.29,0.0,top,C14,,,C_0402_1005Metric,4.7nF,smt
216.6575,-73.9,0.0,top,C15,,,C_0805_2012Metric,10u,smt
216.6575,-76.91,0.0,top,C16,,,C_0805_2012Metric,10u,smt
216.6575,-79.92,0.0,top,C17,,,C_0805_2012Metric,10u,smt
216.6575,-82.93,0.0,top,C18,,,C_0805_2012Metric,10u,smt
220.3175,-79.26,0.0,top,C19,,,C_0402_1005Metric,100n,smt
169.61,-74.72,0.0,top,C2,,,C_0402_1005Metric,100n,smt
133.6625,-68.3,0.0,top,C20,,,C_1210_3225Metric_Pad1.33x2.70mm_HandSolder,10uF,smt
238.4675,-73.73,0.0,top,C3,,,C_0805_2012Metric,10u,smt
234.0125,-69.3,0.0,top,C4,,,CP_EIA-7343-31_Kemet-D,100uF,smt
238.4675,-76.74,0.0,top,C5,,,C_0805_2012Metric,10u,smt
238.4675,-79.75,0.0,top,C6,,,C_0805_2012Metric,10u,smt
242.1275,-81.17,0.0,top,C7,,,C_0402_1005Metric,100n,smt
242.1275,-83.14,0.0,top,C8,,,C_0402_1005Metric,100n,smt
226.8,-38.795,0.0,top,C9,,,C_0805_2012Metric,10u,smt
229.96,-41.865,0.0,top,D1,,,LED_0603_1608Metric,LED Green,smt
229.96,-44.455,0.0,top,D2,,,LED_0603_1608Metric,LED Red,smt
223.8375,-72.12,0.0,top,D3,,,LED_0603_1608Metric,LED Green,smt
131.0,-74.9,0.0,top,D4,,,D_SMA_Handsoldering,D_Schottky,smt
98.8,-62.75,-90.0,top,F1,,,MCCQ-122,MCCQ-122,smt
79.8,-62.75,-90.0,top,F2,,,MCCQ-122,MCCQ-122,smt
60.9,-62.75,-90.0,top,F3,,,MCCQ-122,MCCQ-122,smt
29.01,-58.2,-90.0,top,J1,,,USB_C_Receptacle_GCT_USB4105-xx-A_16P_TopMnt_Horizontal,USB_C_Receptacle_USB2.0,smt
60.225,-122.8,-90.0,top,J10,,,JST_SH_BM04B-SRSS-TB_1x04-1MP_P1.00mm_Vertical,JST_SHBM04B-SRSS-TB,smt
38.9,-95.38,0.0,top,J11,,,PinHeader_2x20_P2.54mm_Vertical,THD-20-R,tht
52.9,-75.4,0.0,top,J12,,,PinHeader_2x02_P2.54mm_Vertical,THD-02-R,tht
152.1,-66.5,-90.0,top,J13,,,SDCARD_MOLEX_503398-1892,Micro_SD_Card_Det,smt
126.775,-153.0,-90.0,top,J14,,,M.2 M Key socket,Bus_M.2_Socket_M,tht
31.5,-94.25,180.0,bottom,J16,,,IDC-Header_2x13_P2.54mm_Vertical,THD-20-R,tht
45.75,-53.8,0.0,top,J17,,,HB9500-9.5-8P,HB9500-9.5-8P,smt
154.75,-112.8,90.0,top,J2,,,Hirose_FH12-22S-0.5SH_1x22-1MP_P0.50mm_Horizontal,Conn_01x22_Female,smt
46.5,-171.05,0.0,top,J3,,,Hirose_FH12-22S-0.5SH_1x22-1MP_P0.50mm_Horizontal,Conn_01x22_Female,smt
231.3675,-74.55,0.0,top,J4,,,PinHeader_2x02_P2.54mm_Vertical,THD-02-R,tht
149.5,-132.73,90.0,top,J5,,,MTCONN_UBAF30-D2011,USB3_A,tht
149.0375,-153.05,90.0,top,J6,,,EDAC 690-019-298-412,690-019-298-412,tht
35.6625,-156.45,-90.0,top,J7,,,EDAC 690-019-298-412,690-019-298-412,tht
124.36,-97.1,0.0,top,J8,,,PinHeader_2x07_P2.54mm_Vertical,Conn_02x07_Odd_Even,tht
135.7,-103.78,0.0,top,J9,,,PinHeader_1x03_P2.54mm_Vertical,Conn_01x03,tht
135.55,-133.2,-90.0,top,L1,,,L_Bourns_SRP5030CC,2.2uH,smt
127.4,-81.025,-90.0,top,L2,,,SMD_inductor_07A7,8.2uH,smt
94.4,-105.3,0.0,top,M6,,,fan_40mm_M3,Fan,tht
66.4,-170.0,90.0,bottom,Module1,,,Raspberry-Pi-5-Compute-Module,ComputeModule5-CM5,smt
38.8,-56.4,0.0,top,R1,,,R_0402_1005Metric,2.2K 1%,smt
230.08,-10.525,0.0,top,R10,,,R_0402_1005Metric,470R,smt
230.08,-12.515,0.0,top,R11,,,R_0402_1005Metric,470R,smt
220.3375,-67.37,0.0,top,R12,,,R_0402_1005Metric,100K 1%,smt
220.3375,-69.36,0.0,top,R13,,,R_0402_1005Metric,10K 1%,smt
220.3375,-71.35,0.0,top,R14,,,R_0402_1005Metric,2.2K 1%,smt
220.3375,-73.34,0.0,top,R15,,,R_0402_1005Metric,1k,smt
242.1475,-73.22,0.0,top,R2,,,R_0402_1005Metric,15K 1%,smt
242.1475,-75.21,0.0,top,R3,,,R_0402_1005Metric,2.2K 1%,smt
242.1475,-77.2,0.0,top,R4,,,R_0402_1005Metric,2.2K 1%,smt
242.1475,-79.19,0.0,top,R5,,,R_0402_1005Metric,2.2K 1%,smt
230.08,-6.545,0.0,top,R6,,,R_0402_1005Metric,1k,smt
219.75,-42.045,0.0,top,R7,,,R_0805_2012Metric_Pad1.20x1.40mm_HandSolder,0R,smt
219.75,-44.995,0.0,top,R8,,,R_0805_2012Metric_Pad1.20x1.40mm_HandSolder,nf,smt
230.08,-8.535,0.0,top,R9,,,R_0402_1005Metric,1k,smt
129.875,-173.3875,180.0,top,SW1,,,SW_Tactile_SPST_Angled_PTS645Vx58-2LFS,Right angle Tact button,tht
142.9375,-117.25,0.0,top,U1,,,SOT-23-6,AP22653W6,smt
123.2,-66.395,0.0,top,U10,,,LV14360,~,smt
232.5275,-81.865,0.0,top,U2,,,TSOT-23_HandSoldering,RT9742SNGV,smt
226.7,-35.37,0.0,top,U3,,,SOT-353_SC-70-5,74LVC1G07SE-7,smt
223.585,-42.82,0.0,top,U4,,,USON-10_2.5x1.0mm_P0.5mm,TPD4EUSB30,smt
226.48,-42.82,0.0,top,U5,,,USON-10_2.5x1.0mm_P0.5mm,TPD4EUSB30,smt
228.8,-29.52,0.0,top,U6,,,SOT-23-5,RT9742GGJ5,smt
36.3175,-74.1,-90.0,top,U7,,,TRJG0926HENL,MagJack-A70-112-331N126,tht
127.8,-127.85,0.0,top,U8,,,DFN-8-1EP_2x2mm_P0.5mm_EP1.05x1.75mm,AP3441SHE-7B,smt
224.4175,-68.6,0.0,top,U9,,,Crystal_SMD_3225-4Pin_3.2x2.5mm,ASEK-32.768KHZ-L-R-T,smt
