﻿Designator,Quantity,Value,Footprint,Package,MPN,DNP,Mount_Type,Field4,Field5,Field6,Field7,Part Description,digikey,Field8,Description
BT1,1,Battery_Cell,BatteryHolder_Keystone_3034_1x20mm,,,,smt,Digikey,36-3034-ND,3034,Keystone,"	Battery Retainer Coin, 20.0mm 1 Cell SMD (SMT) Tab","	
36-3034-ND",,
"C1, C11, C14, C2, C23, C3, C34, C5, C6",9,100n,C_0805_2012Metric_Pad1.18x1.45mm_HandSolder,,,,smt,Farnell,2611911,RM EMK105 B7104KV-F,TAIYO YUDEN EUROPE GMBH,	0.1uF 10% 16V Ceramic Capacitor X7R 0402 (1005 Metric),1276-1003-1-ND,110091611,Unpolarized capacitor
"C10, C12, C13, C16, C17, C18, C19, C4, C7, C9",10,10u,C_0805_2012Metric_Pad1.18x1.45mm_HandSolder,,,,smt,Digikey,490-14381-1-ND,GRM21BR71A106KA73L,Murata,	10uF 10% 10V Ceramic Capacitor X7R 0805 (2012 Metric),1276-1096-1-ND ,111893011,
"C15, C29, C40",3,4.7nF,C_0805_2012Metric_Pad1.18x1.45mm_HandSolder,,,,smt,,,,,4.7nF capacitor 0402,1276-2525-1-ND,,Unpolarized capacitor
"C20, C21, C24, C25, C26, C31, C32, C35, C36, C37",10,10uF,C_1210_3225Metric_Pad1.33x2.70mm_HandSolder,,,,smt,,,,,,490-GRM32EC72A106ME05LCT-ND,,Unpolarized capacitor
"C22, C33",2,0.1uF,C_0805_2012Metric_Pad1.18x1.45mm_HandSolder,,,,smt,,,,,,,,Unpolarized capacitor
"C27, C38",2,10000pF,C_0805_2012Metric_Pad1.18x1.45mm_HandSolder,,,,smt,,,,,,1276-1015-6-ND,,Unpolarized capacitor
"C28, C39",2,47pF,C_0805_2012Metric_Pad1.18x1.45mm_HandSolder,,,,smt,,,,,,,,Unpolarized capacitor
C8,1,100uF,CP_EIA-7343-31_Kemet-D,,,,smt,Mouser,667-EEF-CX0J101R,,Panasonic,"Capacitor, SP-Cap, 100u, 6.3V, 15mR ESR",718-1100-1-ND,,
"D1, D3",2,LED Green,LED_0603_1608Metric,,,,smt,Digikey ,LTST-S270KGKT,SML-A12M8TT86N,Rohm,"	Green 572nm LED Indication - Discrete 2.2V 2-SMD, No Lead",LTST-S270KGKT,650263301,
D2,1,LED Red,LED_0603_1608Metric,,,,smt,Digikey ,	LTST-S270KRKT,SML-A12U8TT86Q,Rohm,"	Red 620nm LED Indication - Discrete 2.2V 2-SMD, No Lead", LTST-S270KRKT,650295101,
"D4, D5",2,D_Schottky,D_SMA_Handsoldering,,,,smt,,,,,,5399-SS310CT-ND ,,Schottky diode
"F1, F2, F3, F4",4,MCCQ-122,MCCQ-122,,,,smt,,,,,,,,Fuse
J1,1,USB_C_Receptacle_USB2.0,USB_C_Receptacle_GCT_USB4105-xx-A_16P_TopMnt_Horizontal,,,,smt,,,,,USBC USB2 data and power connector,2073-USB4105-GF-ACT-ND,,
J10,1,690-019-298-412,EDAC 690-019-298-412,,,,tht,Farnell,2614936,690-019-298-412,EDAC,"HDMI Connector, Right Angle, 19 Contacts, Receptacle, Surface Mount, Surface Mount Right Angle",,UCON00802,
J11,1,USB3_A,MTCONN_UBAF30-D2011,,,,tht,,UBAF30-D2011,UBAF30-D2011,Mtconn,Dual USB 3 connector,,,
J12,1,THD-02-R,PinHeader_2x02_P2.54mm_Vertical,,,Yes,tht,Toby,THD-02-R,151-604-425-761,EDAC,PinHeader_2x02_P2.54mm_Vertical,,UCON00791,
"J13, J9",2,Conn_01x22_Female,Hirose_FH12-22S-0.5SH_1x22-1MP_P0.50mm_Horizontal,,,,smt,Mouser,798-FH12-22S-0.5SH55,FH12-22S-0.5SH55,Hirose,"22 Position FFC, FPC Connector Contacts, Bottom 0.020"" (0.50mm) Surface Mount, Right Angle",HFJ122CT-ND,,
J14,1,690-019-298-412,HDMI_Micro-D_Molex_46765-1x01,,,,smt,,,,,,WM1282DKR-ND,,
J15,1,Bus_M.2_Socket_M,M.2 M Key socket,,,,tht,,MTSSD03-67MSW337,MTSSD03-67MSW337,MTCONN,M.2 M Key connector,,,M.2 Socket 3 Mechanical Key M
J16,1,Screw_Terminal_01x10,HB9500-9.5-10p,,,,tht,,,,,,,,"Generic screw terminal, single row, 01x10, script generated (kicad-library-utils/schlib/autogen/connector/)"
J2,1,THD-20-R,PinHeader_2x20_P2.54mm_Vertical,,,,tht,Toby,THD-20-R,THD-20-R,Toby,PinHeader_2x20_P2.54mm_Vertical,,UCON00511,
J4,1,THD-20-R,IDC-Header_2x13_P2.54mm_Vertical,,,,tht,Toby,THD-20-R,THD-20-R,Toby,PinHeader_2x20_P2.54mm_Vertical,,UCON00511,
J5,1,Micro_SD_Card_Det,SDCARD_MOLEX_503398-1892,,,,smt,Farnell,2358234,503398-1892,Molex,"9 (8 + 1) Position Card Connector microSD™ Surface Mount, Right Angle Gold",,UCON00512,
J7,1,~,FanPinHeader_1x04_P2.54mm_Vertical,,,,tht,,,,JST,4 pin vertical 1mm pitch connector,,,
J8,1,Conn_02x07_Odd_Even,PinHeader_2x07_P2.54mm_Vertical,,,,tht,Toby,THD-07-R,THD-07-R,Toby,PinHeader_2x07_P2.54mm_Vertical,,,
L1,1,2.2uH,L_Bourns_SRP5030CC,,,,smt,,SRP5030CC-2R2M,SRP5030CC-2R2M,Bourns,"Inductor, SMT, 2520, 2u2, IRMS=7A, ISAT=8A, DCR=0.032R",,,
"L2, L5",2,8.2uH,SMD_inductor_07A7,,,,smt,,,,,,478-LMLP07A7M8R2DTASCT-ND,,Inductor
M6,1,Fan,fan_40mm_M3,,,,tht,,,,,,,,Fan
Module1,1,ComputeModule5-CM5,Raspberry-Pi-5-Compute-Module,,,,smt,Amphenol,2x 10164227-1001A1RLF,2x 10164227-1001A1RLF,Hirose,"	100 Position Connector Receptacle, Center Strip Contacts Surface Mount Gold",,,RaspberryPi Compute module 5
"R1, R13, R6, R7, R8",5,2.2K 1%,R_0805_2012Metric_Pad1.20x1.40mm_HandSolder,,,,smt,Farnell,,,,Resistor 2.2K M1005 1% 63mW,,,
"R10, R2, R5",3,1k,R_0805_2012Metric_Pad1.20x1.40mm_HandSolder,,,,smt,Farnell,9239235,RK73H1ETTP1001F,KOA EUROPE GMBH,Resistor 1K M1005 1% 63mW,,125049511,
R11,1,10K 1%,R_0805_2012Metric_Pad1.20x1.40mm_HandSolder,,,,smt,Farnell,,MCR01MZPF1002,Rohm,Resistor 10K M1005 1% 63mW,,,
R12,1,100K 1%,R_0805_2012Metric_Pad1.20x1.40mm_HandSolder,,,,smt,Farnell,,MCR01MZPF1003,Rohm,Resistor 100K M1005 1% 63mW,,,
"R14, R15, R21, R22",4,R,R_0805_2012Metric_Pad1.20x1.40mm_HandSolder,,,,smt,,,,,,,,Resistor
"R16, R23",2,147k,R_0805_2012Metric_Pad1.20x1.40mm_HandSolder,,,,smt,,,,,,311-147KCRDKR-ND ,,Resistor
"R17, R24",2,240k,R_0805_2012Metric_Pad1.20x1.40mm_HandSolder,,,,smt,,,,,,311-240KCRDKR-ND,,Resistor
R18,1,28k,R_0805_2012Metric_Pad1.20x1.40mm_HandSolder,,,,smt,,,,,,311-28.0KCRDKR-ND,,Resistor
"R19, R26",2,3.24k,R_0805_2012Metric_Pad1.20x1.40mm_HandSolder,,,,smt,,,,,,311-3.24KCRDKR-ND,,Resistor
R25,1,5.05k,R_0805_2012Metric_Pad1.20x1.40mm_HandSolder,,,,smt,,,,,,13-RT0805BRD075K05LDKR-ND,,Resistor
R27,1,10.5k,R_0805_2012Metric_Pad1.20x1.40mm_HandSolder,,,,smt,,,,,,13-RC0805FR-0710R5LDKR-ND,,Resistor
"R3, R4",2,470R,R_0805_2012Metric_Pad1.20x1.40mm_HandSolder,,,,smt,Farnell,9239197,RK73G1ETQTP4700D         ,KOA EUROPE GMBH,Resistor 470R M1005 1% 63mW,,120887981,
R9,1,15K 1%,R_0805_2012Metric_Pad1.20x1.40mm_HandSolder,,,,smt,Farnell,9239375,MCR01MZPF1502,Rohm,Resistor 15K M1005 1% 63mW,,120891581,
SW1,1,Right angle Tact button,SW_Tactile_SPST_Angled_PTS645Vx58-2LFS,,,,tht,,PTS645VH58-2LFS,PTS645VH58-2LFS,CK,Right angle through hole Tact switch,,,"Push button switch, generic, two pins"
"U1, U2",2,TPD4EUSB30,USON-10_2.5x1.0mm_P0.5mm,,,,smt,Farnell,2335455,CDDFN10-3324P-13,Bourns,"Quad TVS diode for high speed signals (USB3, GigE etc.)",,UDIO00346,
"U10, U11",2,TPP60508,DFN-10_EP_4x4_Pitch0.8mm,,,,smt,,,,,,,,
U3,1,MagJack-A70-112-331N126,TRJG0926HENL,,,,tht,,TRJG0926HENL,TRJG0926HENL,Trxcon,Gigabit Ethernet Magjack,,UCON00900,
U4,1,74LVC1G07SE-7,SOT-353_SC-70-5,,,,smt,Farnell,2425492,74LVC1G07SE-7,Diodes,"Buffer, Non-Inverting 1 Element 1 Bit per Element Open Drain Output SOT-353",,,
U5,1,RT9742GGJ5,SOT-23-5,,,,smt,Farnell,	2545875,RT9742GGJ5,RichTek,	Power Switch/Driver 1:1 N-Channel 1A TSOT-23-5,,USWI00166,
U6,1,RT9742SNGV,TSOT-23_HandSoldering,,,,smt,Farnell,2575555,RT9742SNGV,RichTek,Power Switch/Driver 1:1 N-Channel 500mA SOT-23-3,,USWI00155,
U7,1,AP22653W6,SOT-23-6,,,,smt,Digikey,	31-AP22653W6-7CT-ND,AP22653W6,Diodes,	Power Switch/Driver 1:1 P-Channel 2.1A SOT-23-6,,,
U8,1,ASEK-32.768KHZ-L-R-T,Crystal_SMD_3225-4Pin_3.2x2.5mm,,,,smt,,ASEK-32.768KHZ-L-R-T,ASEK-32.768KHZ-L-R-T,abracon,32KHz Xtal oscilator,,,
U9,1,AP3441SHE-7B,DFN-8-1EP_2x2mm_P0.5mm_EP1.05x1.75mm,,,,smt,,AP3441SHE-7B,AP3441SHE-7B,Diodes,3A DC-DC converter,,,
