﻿pos_x,pos_y,rotation,side,designator,mpn,pack,footprint,value,mount_type
57.8,-151.16,90.0,bottom,BT1,,,BatteryHolder_Keystone_3034_1x20mm,Battery_Cell,smt
60.8425,-165.83,180.0,top,C1,,,C_0805_2012Metric_Pad1.18x1.45mm_HandSolder,100n,smt
144.59,-110.6525,90.0,top,C10,,,C_0805_2012Metric_Pad1.18x1.45mm_HandSolder,10u,smt
55.4575,-117.96,180.0,top,C11,,,C_0805_2012Metric_Pad1.18x1.45mm_HandSolder,100n,smt
30.275,-157.33,-90.0,top,C12,,,C_0805_2012Metric_Pad1.18x1.45mm_HandSolder,10u,smt
32.465,-157.33,-90.0,top,C13,,,C_0805_2012Metric_Pad1.18x1.45mm_HandSolder,10u,smt
34.675,-157.32,-90.0,top,C14,,,C_0805_2012Metric_Pad1.18x1.45mm_HandSolder,100n,smt
45.63,-154.8675,-90.0,top,C15,,,C_0805_2012Metric_Pad1.18x1.45mm_HandSolder,4.7nF,smt
46.5175,-143.97,0.0,top,C16,,,C_0805_2012Metric_Pad1.18x1.45mm_HandSolder,10u,smt
46.5725,-146.17,0.0,top,C17,,,C_0805_2012Metric_Pad1.18x1.45mm_HandSolder,10u,smt
46.5425,-148.48,0.0,top,C18,,,C_0805_2012Metric_Pad1.18x1.45mm_HandSolder,10u,smt
46.5775,-150.76,0.0,top,C19,,,C_0805_2012Metric_Pad1.18x1.45mm_HandSolder,10u,smt
67.4475,-165.76,0.0,top,C2,,,C_0805_2012Metric_Pad1.18x1.45mm_HandSolder,100n,smt
134.87,-87.2325,-90.0,top,C20,,,C_1210_3225Metric_Pad1.33x2.70mm_HandSolder,10uF,smt
131.1,-87.26,-90.0,top,C21,,,C_1210_3225Metric_Pad1.33x2.70mm_HandSolder,10uF,smt
127.84,-86.935,-90.0,top,C22,,,C_0805_2012Metric_Pad1.18x1.45mm_HandSolder,0.1uF,smt
134.21,-92.6725,-90.0,top,C23,,,C_0805_2012Metric_Pad1.18x1.45mm_HandSolder,100n,smt
118.3725,-97.2125,180.0,top,C24,,,C_1210_3225Metric_Pad1.33x2.70mm_HandSolder,10uF,smt
118.3875,-101.1625,180.0,top,C25,,,C_1210_3225Metric_Pad1.33x2.70mm_HandSolder,10uF,smt
118.4075,-104.6025,180.0,top,C26,,,C_1210_3225Metric_Pad1.33x2.70mm_HandSolder,10uF,smt
122.2775,-77.86,180.0,top,C27,,,C_0805_2012Metric_Pad1.18x1.45mm_HandSolder,10000pF,smt
118.4175,-80.45,0.0,top,C28,,,C_0805_2012Metric_Pad1.18x1.45mm_HandSolder,47pF,smt
120.8525,-84.17,0.0,top,C29,,,C_0805_2012Metric_Pad1.18x1.45mm_HandSolder,4.7nF,smt
49.5925,-71.04,0.0,top,C3,,,C_0805_2012Metric_Pad1.18x1.45mm_HandSolder,100n,smt
148.4675,-64.19,0.0,top,C31,,,C_1210_3225Metric_Pad1.33x2.70mm_HandSolder,10uF,smt
148.2775,-60.63,0.0,top,C32,,,C_1210_3225Metric_Pad1.33x2.70mm_HandSolder,10uF,smt
148.2675,-67.45,0.0,top,C33,,,C_0805_2012Metric_Pad1.18x1.45mm_HandSolder,0.1uF,smt
143.48,-75.8375,90.0,top,C34,,,C_0805_2012Metric_Pad1.18x1.45mm_HandSolder,100n,smt
127.4025,-60.39,180.0,top,C35,,,C_1210_3225Metric_Pad1.33x2.70mm_HandSolder,10uF,smt
127.2925,-57.04,180.0,top,C36,,,C_1210_3225Metric_Pad1.33x2.70mm_HandSolder,10uF,smt
127.4075,-63.63,180.0,top,C37,,,C_1210_3225Metric_Pad1.33x2.70mm_HandSolder,10uF,smt
144.78,-60.7675,90.0,top,C38,,,C_0805_2012Metric_Pad1.18x1.45mm_HandSolder,10000pF,smt
140.2425,-74.39,180.0,top,C39,,,C_0805_2012Metric_Pad1.18x1.45mm_HandSolder,47pF,smt
55.1725,-172.26,-90.0,top,C4,,,C_0805_2012Metric_Pad1.18x1.45mm_HandSolder,10u,smt
138.1225,-72.33,180.0,top,C40,,,C_0805_2012Metric_Pad1.18x1.45mm_HandSolder,4.7nF,smt
133.98,-159.7175,90.0,top,C5,,,C_0805_2012Metric_Pad1.18x1.45mm_HandSolder,100n,smt
140.36,-159.9125,90.0,top,C6,,,C_0805_2012Metric_Pad1.18x1.45mm_HandSolder,100n,smt
140.5725,-107.09,180.0,top,C7,,,C_0805_2012Metric_Pad1.18x1.45mm_HandSolder,10u,smt
143.2675,-115.27,0.0,top,C8,,,CP_EIA-7343-31_Kemet-D,100uF,smt
146.69,-110.6725,90.0,top,C9,,,C_0805_2012Metric_Pad1.18x1.45mm_HandSolder,10u,smt
53.79,-155.9875,-90.0,top,D1,,,LED_0603_1608Metric,LED Green,smt
77.3275,-171.14,180.0,top,D2,,,LED_0603_1608Metric,LED Red,smt
54.78,-107.9725,-90.0,top,D3,,,LED_0603_1608Metric,LED Green,smt
130.25,-96.42,-90.0,top,D4,,,D_SMA_Handsoldering,D_Schottky,smt
132.65,-67.43,180.0,top,D5,,,D_SMA_Handsoldering,D_Schottky,smt
112.08,-58.92,180.0,top,F1,,,MCCQ-122,MCCQ-122,smt
90.99,-58.31,180.0,top,F2,,,MCCQ-122,MCCQ-122,smt
70.54,-58.74,180.0,top,F3,,,MCCQ-122,MCCQ-122,smt
51.13,-58.49,180.0,top,F4,,,MCCQ-122,MCCQ-122,smt
64.19,-171.63,0.0,top,J1,,,USB_C_Receptacle_GCT_USB4105-xx-A_16P_TopMnt_Horizontal,USB_C_Receptacle_USB2.0,smt
148.11,-151.96,90.0,top,J10,,,EDAC 690-019-298-412,690-019-298-412,tht
148.45,-126.06,90.0,top,J11,,,MTCONN_UBAF30-D2011,USB3_A,tht
133.8,-171.2,-90.0,top,J12,,,PinHeader_2x02_P2.54mm_Vertical,THD-02-R,tht
119.98,-170.44,0.0,top,J13,,,Hirose_FH12-22S-0.5SH_1x22-1MP_P0.50mm_Horizontal,Conn_01x22_Female,smt
156.11,-138.76,90.0,top,J14,,,HDMI_Micro-D_Molex_46765-1x01,690-019-298-412,smt
56.63,-124.52,-90.0,bottom,J15,,,M.2 M Key socket,Bus_M.2_Socket_M,tht
42.11,-53.83,0.0,top,J16,,,HB9500-9.5-10p,Screw_Terminal_01x10,tht
39.45,-94.12,0.0,top,J2,,,PinHeader_2x20_P2.54mm_Vertical,THD-20-R,tht
31.5,-94.25,180.0,bottom,J4,,,IDC-Header_2x13_P2.54mm_Vertical,THD-20-R,tht
46.9425,-168.5825,180.0,top,J5,,,SDCARD_MOLEX_503398-1892,Micro_SD_Card_Det,smt
139.76,-167.985,0.0,top,J6,,,PinHeader_1x03_P2.54mm_Vertical,Conn_01x03,tht
66.4,-88.37,-90.0,top,J7,,,FanPinHeader_1x04_P2.54mm_Vertical,~,tht
153.35,-87.52,0.0,top,J8,,,PinHeader_2x07_P2.54mm_Vertical,Conn_02x07_Odd_Even,tht
92.25,-170.79,0.0,top,J9,,,Hirose_FH12-22S-0.5SH_1x22-1MP_P0.50mm_Horizontal,Conn_01x22_Female,smt
111.08,-43.9,180.0,bottom,JP2,,,resistor_jumper_3_way_0805,SolderJumper_3_Open,smt
92.275,-43.3875,180.0,bottom,JP3,,,resistor_jumper_3_way_0805,SolderJumper_3_Open,smt
72.01,-43.745,180.0,bottom,JP4,,,resistor_jumper_3_way_0805,SolderJumper_3_Open,smt
52.845,-43.7675,180.0,bottom,JP5,,,resistor_jumper_3_way_0805,SolderJumper_3_Open,smt
40.42,-153.94,0.0,top,L1,,,L_Bourns_SRP5030CC,2.2uH,smt
124.8,-95.145,-90.0,top,L2,,,SMD_inductor_07A7,8.2uH,smt
139.78,-61.88,180.0,top,L5,,,SMD_inductor_07A7,8.2uH,smt
92.94,-91.26,0.0,top,M6,,,fan_40mm_M3,Fan,tht
75.68,-164.43,0.0,top,Module1,,,Raspberry-Pi-5-Compute-Module,ComputeModule5-CM5,smt
71.04,-168.98,90.0,top,R1,,,R_0805_2012Metric_Pad1.20x1.40mm_HandSolder,2.2K 1%,smt
56.69,-107.96,-90.0,top,R10,,,R_0805_2012Metric_Pad1.20x1.40mm_HandSolder,1k,smt
48.96,-154.83,-90.0,top,R11,,,R_0805_2012Metric_Pad1.20x1.40mm_HandSolder,10K 1%,smt
35.97,-148.05,180.0,top,R12,,,R_0805_2012Metric_Pad1.20x1.40mm_HandSolder,100K 1%,smt
38.62,-158.52,180.0,top,R13,,,R_0805_2012Metric_Pad1.20x1.40mm_HandSolder,2.2K 1%,smt
125.77,-84.81,90.0,top,R14,,,R_0805_2012Metric_Pad1.20x1.40mm_HandSolder,R,smt
125.82,-80.83,90.0,top,R15,,,R_0805_2012Metric_Pad1.20x1.40mm_HandSolder,R,smt
119.96,-93.565,-90.0,top,R16,,,R_0805_2012Metric_Pad1.20x1.40mm_HandSolder,147k,smt
121.17,-86.65,0.0,top,R17,,,R_0805_2012Metric_Pad1.20x1.40mm_HandSolder,240k,smt
119.91,-89.6075,-90.0,top,R18,,,R_0805_2012Metric_Pad1.20x1.40mm_HandSolder,28k,smt
116.31,-83.98,180.0,top,R19,,,R_0805_2012Metric_Pad1.20x1.40mm_HandSolder,3.24k,smt
53.72,-152.26,90.0,top,R2,,,R_0805_2012Metric_Pad1.20x1.40mm_HandSolder,1k,smt
152.1,-73.49,180.0,top,R21,,,R_0805_2012Metric_Pad1.20x1.40mm_HandSolder,R,smt
152.13,-71.16,0.0,top,R22,,,R_0805_2012Metric_Pad1.20x1.40mm_HandSolder,R,smt
129.1,-72.18,0.0,top,R23,,,R_0805_2012Metric_Pad1.20x1.40mm_HandSolder,147k,smt
142.15,-60.28,-90.0,top,R24,,,R_0805_2012Metric_Pad1.20x1.40mm_HandSolder,240k,smt
123.38,-67.84,-90.0,top,R25,,,R_0805_2012Metric_Pad1.20x1.40mm_HandSolder,5.05k,smt
142.095,-72.33,0.0,top,R26,,,R_0805_2012Metric_Pad1.20x1.40mm_HandSolder,3.24k,smt
120.66,-67.83,-90.0,top,R27,,,R_0805_2012Metric_Pad1.20x1.40mm_HandSolder,10.5k,smt
34.02,-61.54,0.0,top,R3,,,R_0805_2012Metric_Pad1.20x1.40mm_HandSolder,470R,smt
33.66,-82.45,0.0,top,R4,,,R_0805_2012Metric_Pad1.20x1.40mm_HandSolder,470R,smt
82.05,-172.34,-90.0,top,R5,,,R_0805_2012Metric_Pad1.20x1.40mm_HandSolder,1k,smt
131.06,-166.56,-90.0,top,R6,,,R_0805_2012Metric_Pad1.20x1.40mm_HandSolder,2.2K 1%,smt
133.5,-166.63,-90.0,top,R7,,,R_0805_2012Metric_Pad1.20x1.40mm_HandSolder,2.2K 1%,smt
107.95,-171.39,0.0,top,R8,,,R_0805_2012Metric_Pad1.20x1.40mm_HandSolder,2.2K 1%,smt
136.07,-110.85,90.0,top,R9,,,R_0805_2012Metric_Pad1.20x1.40mm_HandSolder,15K 1%,smt
156.47,-111.37,-90.0,top,SW1,,,SW_Tactile_SPST_Angled_PTS645Vx58-2LFS,Right angle Tact button,tht
49.105,-75.21,180.0,top,U1,,,USON-10_2.5x1.0mm_P0.5mm,TPD4EUSB30,smt
124.125,-90.4775,-90.0,top,U10,,,DFN-10_EP_4x4_Pitch0.8mm,TPP60508,smt
142.985,-66.405,180.0,top,U11,,,DFN-10_EP_4x4_Pitch0.8mm,TPP60508,smt
49.395,-66.82,180.0,top,U2,,,USON-10_2.5x1.0mm_P0.5mm,TPD4EUSB30,smt
36.59,-71.555,-90.0,top,U3,,,TRJG0926HENL,MagJack-A70-112-331N126,tht
73.92,-171.85,0.0,top,U4,,,SOT-353_SC-70-5,74LVC1G07SE-7,smt
56.3125,-167.7875,90.0,top,U5,,,SOT-23-5,RT9742GGJ5,smt
136.9,-159.92,90.0,top,U6,,,TSOT-23_HandSoldering,RT9742SNGV,smt
139.61,-110.5625,-90.0,top,U7,,,SOT-23-6,AP22653W6,smt
55.4,-120.81,180.0,top,U8,,,Crystal_SMD_3225-4Pin_3.2x2.5mm,ASEK-32.768KHZ-L-R-T,smt
33.55,-153.4425,0.0,top,U9,,,DFN-8-1EP_2x2mm_P0.5mm_EP1.05x1.75mm,AP3441SHE-7B,smt
